{"metrics": {"recall_mean": 0.573170731707317, "ndcg_mean": 0.5088487804878049, "mrr_mean": 0.5487756097560976, "keyword_f1_mean": 0.6022585365853659, "factual_rate": 0.8780487804878049, "time_mean": 49.54184390243903, "tokens_in_mean": 564.8780487804878, "tokens_out_mean": 29.048780487804876, "bm25_in_topk_mean": 10.0, "dense_in_topk_mean": 6.853658536585366, "overlap_in_topk_mean": 6.853658536585366, "avg_rerank_delta_top1": 0.35722731707317074, "avg_score_delta_topk": 0.12033214634146341, "kendall_tau_topk_mean": 0.4644986097560977, "format_bullet_keyword_pct": 0.926829268292683, "format_citation_per_bullet_pct": 0.024390243902439025, "nicht_im_kontext_pct": 0.2926829268292683, "avg_bullet_count": 2.341463414634146, "error_a_pct": 0.0975609756097561, "error_b_pct": 0.12195121951219512, "error_c_pct": 0.7560975609756098, "error_ok_pct": 0.024390243902439025}, "correlations": {"spearman_recall_f1": 0.28288147774784106, "pearson_recall_f1": 0.34614705591451594, "spearman_ndcg_f1": 0.3694196317791142, "pearson_ndcg_f1": 0.42034351285137417, "spearman_mrr_f1": 0.31108508231855425, "pearson_mrr_f1": 0.3876123586304154, "spearman_recall_factual": 0.3323592066669867, "pearson_recall_factual": 0.32877716902180076, "spearman_ndcg_factual": 0.3082127872131267, "pearson_ndcg_factual": 0.32568501294775626, "spearman_mrr_factual": 0.291138375328618, "pearson_mrr_factual": 0.302515080667265}}