Setting,Spearman Recall~F1,p Recall~F1,Spearman Recall~Factual,p Recall~Factual
k5,0.263321,0.008121,0.240422,0.015977
k10,0.051107,0.613576,0.152384,0.130144
k20,-0.007975,0.937233,0.024081,0.812020
k10_reranker,0.115278,0.253411,-0.003385,0.973339
