recall_mean,ndcg_mean,mrr_mean,keyword_f1_mean,factual_rate,time_mean,tokens_in_mean,tokens_out_mean,format_bullet_keyword_pct,format_citation_per_bullet_pct,nicht_im_kontext_pct,avg_bullet_count,bm25_in_topk_mean,dense_in_topk_mean,overlap_in_topk_mean,avg_rerank_delta_top1,avg_score_delta_topk,kendall_tau_topk_mean,error_a_pct,error_b_pct,error_c_pct,error_ok_pct,label,model,retrieval_mode,top_k,row_count
0.777332,0.727473,0.741666,0.571143,0.870000,2.896318,529.640000,21.770000,0.100000,0.000000,0.070000,3.510000,9.850000,5.880000,5.730000,0.342205,0.090818,0.405333,0.090000,0.120000,0.790000,0.000000,gemma_2b,gemma:2b,hybrid,10,100
0.777332,0.727473,0.741666,0.724431,0.830000,25.262132,531.260000,32.400000,0.930000,0.070000,0.150000,1.880000,9.850000,5.880000,5.730000,0.342205,0.090818,0.405333,0.150000,0.120000,0.660000,0.070000,llama3_8b,llama3:8b,hybrid,10,100
0.777332,0.727473,0.741666,0.784500,0.940000,48.031384,531.680000,28.480000,0.960000,0.060000,0.200000,2.310000,9.850000,5.880000,5.730000,0.342205,0.090818,0.405333,0.040000,0.120000,0.780000,0.060000,llama3_70b,llama3:70b,hybrid,10,100
