,recall_mean,ndcg_mean,mrr_mean,keyword_f1_mean,factual_rate,time_mean,missing_pct
Hybrid (BM25+Dense),0.714632,0.665690,0.686990,0.305927,0.585366,3.949359,0.926829
BM25 only,0.714632,0.665690,0.686990,0.305927,0.609756,3.934020,0.926829
Dense only,0.641461,0.606959,0.669512,0.310571,0.585366,3.890549,0.926829
