label,model,retrieval_mode,top_k,row_count,recall_mean,ndcg_mean,mrr_mean,keyword_f1_mean,factual_rate,time_mean,tokens_in_mean,tokens_out_mean,format_bullet_keyword_pct,format_citation_per_bullet_pct,nicht_im_kontext_pct,avg_bullet_count,bm25_in_topk_mean,dense_in_topk_mean,overlap_in_topk_mean,avg_rerank_delta_top1,avg_score_delta_topk,kendall_tau_topk_mean,error_a_pct,error_b_pct,error_c_pct,error_ok_pct
k5,llama3:8b,hybrid,5,41,0.640654,0.590737,0.641868,0.629034,0.829268,3.998015,404.170732,32.146341,0.878049,0.048780,0.195122,1.926829,5.000000,4.390244,4.390244,0.000000,0.000000,0.653659,0.146341,0.121951,0.682927,0.048780
k10,llama3:8b,hybrid,10,41,0.719515,0.627510,0.648402,0.630137,0.975610,4.076534,472.365854,32.000000,0.853659,0.121951,0.146341,1.780488,10.000000,8.365854,8.365854,0.000000,0.000000,0.671545,0.024390,0.121951,0.731707,0.121951
k20,llama3:8b,hybrid,20,41,0.788620,0.652488,0.650434,0.662949,1.000000,4.146010,539.536585,32.073171,0.926829,0.048780,0.146341,1.804878,20.000000,16.292683,16.292683,0.000000,0.000000,0.669576,0.000000,0.121951,0.829268,0.048780
k10_reranker,llama3:8b,hybrid,10,41,0.730893,0.674544,0.691056,0.629498,0.853659,4.087193,536.609756,32.219512,0.951220,0.048780,0.121951,1.902439,9.878049,5.804878,5.682927,0.358701,0.112551,0.395122,0.121951,0.146341,0.682927,0.048780
