recall_mean,ndcg_mean,mrr_mean,keyword_f1_mean,factual_rate,time_mean,tokens_in_mean,tokens_out_mean,format_bullet_keyword_pct,format_citation_per_bullet_pct,nicht_im_kontext_pct,avg_bullet_count,bm25_in_topk_mean,dense_in_topk_mean,overlap_in_topk_mean,avg_rerank_delta_top1,avg_score_delta_topk,kendall_tau_topk_mean,error_a_pct,error_b_pct,error_c_pct,error_ok_pct,label,model,retrieval_mode,top_k,row_count
0.7187000000000001,0.6630365853658536,0.6910560975609756,0.6267024390243903,0.926829268292683,4.232595121951219,511.219512195122,32.36585365853659,0.926829268292683,0.04878048780487805,0.21951219512195122,1.829268292682927,12.0,9.048780487804878,9.048780487804878,0.3569761707317073,0.1139028780487805,0.44493719512195123,0.07317073170731707,0.14634146341463414,0.7317073170731707,0.04878048780487805,model_llama3,llama3:8b,hybrid,12,41
0.7308926829268293,0.6751707317073171,0.6910560975609756,0.7159048780487804,0.6097560975609756,3.473585365853658,605.6829268292682,24.073170731707318,0.7560975609756098,0.04878048780487805,0.43902439024390244,3.097560975609756,9.365853658536585,6.146341463414634,5.512195121951219,0.3587164390243902,0.1124567804878049,0.4081301463414634,0.36585365853658536,0.14634146341463414,0.4878048780487805,0.0,model_phi3,phi3:latest,hybrid,10,41
0.7308926829268293,0.6751707317073171,0.6910560975609756,0.38577073170731707,0.8048780487804879,2.9090853658536586,602.3414634146342,20.975609756097562,0.07317073170731707,0.0,0.0975609756097561,3.2195121951219514,9.365853658536585,6.146341463414634,5.512195121951219,0.3587164390243902,0.1124567804878049,0.4081301463414634,0.12195121951219512,0.14634146341463414,0.7317073170731707,0.0,model_gemma,gemma:2b,hybrid,10,41
