spearman_recall_f1,spearman_ndcg_f1,spearman_mrr_f1,spearman_recall_factual,spearman_ndcg_factual,spearman_mrr_factual,pearson_recall_f1,pearson_ndcg_f1,pearson_mrr_f1,pearson_recall_factual,pearson_ndcg_factual,pearson_mrr_factual,label,model,retrieval_mode,top_k
0.254681,0.296008,0.280707,0.166620,0.231202,0.249134,0.252563,0.268685,0.277610,0.183386,0.226796,0.254618,hybrid_k5,llama3:8b,hybrid,5
0.178120,0.175813,0.167120,0.181478,0.239133,0.257529,0.207557,0.219057,0.225102,0.211160,0.240544,0.263650,hybrid_k8,llama3:8b,hybrid,8
0.315227,0.305429,0.238219,0.181478,0.239133,0.257529,0.243652,0.246426,0.236367,0.211160,0.240544,0.263650,hybrid_k10,llama3:8b,hybrid,10
0.296463,0.263435,0.192423,-0.020344,0.058555,0.065624,0.199234,0.211281,0.208222,-0.011720,0.037001,0.054589,hybrid_k12,llama3:8b,hybrid,12
0.254567,0.253273,0.222089,0.039284,-0.045848,-0.036093,0.177376,0.192270,0.167712,0.017139,-0.009136,-0.032604,hybrid_k10_r50,llama3:8b,hybrid,10
0.181475,0.227192,0.180352,0.256313,0.185090,0.146673,0.172758,0.223195,0.224758,0.265695,0.229583,0.165564,dense_k10,llama3:8b,dense,10
0.209828,0.229864,0.235784,0.033271,0.085208,0.108279,0.229175,0.250597,0.263164,0.054413,0.084260,0.108118,model_llama3,llama3:8b,hybrid,10
0.249127,0.220732,0.217314,0.287340,0.213620,0.231191,0.265950,0.266225,0.221019,0.289533,0.250746,0.237723,model_gemma,gemma:2b,hybrid,10
0.086444,0.117920,-0.000917,-0.100746,-0.074377,-0.087966,-0.017293,-0.044346,-0.140179,-0.102601,-0.103468,-0.098102,model_phi3,phi3:latest,hybrid,10
