spearman_recall_f1,spearman_ndcg_f1,spearman_mrr_f1,spearman_recall_factual,spearman_ndcg_factual,spearman_mrr_factual,pearson_recall_f1,pearson_ndcg_f1,pearson_mrr_f1,pearson_recall_factual,pearson_ndcg_factual,pearson_mrr_factual,label,model,retrieval_mode,top_k
0.08868766441837098,0.09248388209309102,0.07429697680681158,0.293246670158559,0.22401696036508428,0.17813640697813315,0.0039325232091906945,0.04174596885641749,0.0555487370508664,0.24076409102993834,0.2380893921595885,0.17511531930483704,hybrid_k12_ctx8_llama3,llama3:8b,hybrid,12
0.08644405507872223,0.117919672036786,-0.0009168649299198692,-0.10074606823048722,-0.07437668430764756,-0.08796640650390662,-0.017293104083840015,-0.04434647553620575,-0.1401792882457812,-0.10260128919664238,-0.10346762739836812,-0.09810226747769804,hybrid_k10_phi3,phi3:latest,hybrid,10
0.24912674334564078,0.22073172078473405,0.21731360008603173,0.28733986735015704,0.21361986252897447,0.23119064175138784,0.2659496407346574,0.2662254622379269,0.22101865646748067,0.2895332469406223,0.2507455701221646,0.23772293112864046,hybrid_k10_gemma,gemma:2b,hybrid,10
