recall_mean,ndcg_mean,mrr_mean,keyword_f1_mean,factual_rate,time_mean,tokens_in_mean,tokens_out_mean,bullet_keyword_pct,citation_pct,nicht_im_kontext_pct,avg_bullet_count,bm25_in_topk_mean,dense_in_topk_mean,overlap_in_topk_mean,avg_rerank_delta_top1,avg_score_delta_topk,kendall_tau_topk_mean,error_a_pct,error_b_pct,error_c_pct,error_ok_pct,label,model,retrieval_mode,top_k,row_count
0.730893,0.674544,0.691056,0.606737,0.804878,4.128802,585.439024,32.731707,0.878049,0.048780,0.146341,1.853659,9.341463,6.292683,5.634146,0.358436,0.109829,0.365854,0.146341,0.146341,0.658537,0.048780,model_llama3,llama3:8b,hybrid,10,41
0.730893,0.675171,0.691056,0.385771,0.804878,2.909085,602.341463,20.975610,0.073171,0.000000,0.097561,3.219512,9.365854,6.146341,5.512195,0.358716,0.112457,0.408130,0.121951,0.146341,0.731707,0.000000,model_gemma,gemma:2b,hybrid,10,41
0.730893,0.675171,0.691056,0.715905,0.609756,3.473585,605.682927,24.073171,0.756098,0.048780,0.439024,3.097561,9.365854,6.146341,5.512195,0.358716,0.112457,0.408130,0.365854,0.146341,0.487805,0.000000,model_phi3,phi3:latest,hybrid,10,41
