recall_mean,ndcg_mean,mrr_mean,keyword_f1_mean,factual_rate,time_mean,tokens_in_mean,tokens_out_mean,format_bullet_keyword_pct,format_citation_per_bullet_pct,nicht_im_kontext_pct,avg_bullet_count,bm25_in_topk_mean,dense_in_topk_mean,overlap_in_topk_mean,avg_rerank_delta_top1,avg_score_delta_topk,kendall_tau_topk_mean,error_a_pct,error_b_pct,error_c_pct,error_ok_pct,label,model,retrieval_mode,top_k,row_count
0.542680,0.524051,0.589680,0.000000,0.463415,470.184346,454.414634,7.000000,0.000000,0.000000,0.000000,0.000000,9.585366,7.707317,7.707317,0.000000,0.000000,0.842659,0.268293,0.317073,0.414634,0.000000,hybrid_k20_ctx8_llama3,llama3:8b,hybrid,20,41
0.718700,0.663037,0.691056,0.606968,0.926829,4.103493,511.219512,32.097561,0.902439,0.024390,0.219512,1.902439,12.000000,9.048780,9.048780,0.356976,0.113903,0.444937,0.073171,0.146341,0.756098,0.024390,hybrid_k12_ctx8_llama3,llama3:8b,hybrid,12,41
0.730893,0.675171,0.691056,0.715905,0.609756,3.473585,605.682927,24.073171,0.756098,0.048780,0.439024,3.097561,9.365854,6.146341,5.512195,0.358716,0.112457,0.408130,0.365854,0.146341,0.487805,0.000000,hybrid_k12_ctx8_phi3,phi3:latest,hybrid,10,41
0.730893,0.675171,0.691056,0.385771,0.804878,2.909085,602.341463,20.975610,0.073171,0.000000,0.097561,3.219512,9.365854,6.146341,5.512195,0.358716,0.112457,0.408130,0.121951,0.146341,0.731707,0.000000,hybrid_k12_ctx8_gemma,gemma:2b,hybrid,10,41
