recall_mean,ndcg_mean,mrr_mean,keyword_f1_mean,factual_rate,time_mean,tokens_in_mean,tokens_out_mean,format_bullet_keyword_pct,format_citation_per_bullet_pct,nicht_im_kontext_pct,avg_bullet_count,bm25_in_topk_mean,dense_in_topk_mean,overlap_in_topk_mean,avg_rerank_delta_top1,avg_score_delta_topk,kendall_tau_topk_mean,error_a_pct,error_b_pct,error_c_pct,error_ok_pct,label,model,retrieval_mode,top_k,row_count
0.668004,0.619724,0.678332,0.741260,0.880000,4.037095,400.360000,32.110000,0.900000,0.060000,0.180000,1.890000,5.000000,4.470000,4.470000,0.000000,0.000000,0.662000,0.110000,0.100000,0.730000,0.060000,k5,llama3:8b,hybrid,5,100
0.751670,0.658827,0.685119,0.726184,0.940000,4.048325,463.320000,32.150000,0.870000,0.120000,0.180000,1.750000,10.000000,8.570000,8.570000,0.000000,0.000000,0.678222,0.060000,0.100000,0.730000,0.110000,k10,llama3:8b,hybrid,10,100
0.823335,0.684557,0.686785,0.716094,0.970000,4.121854,526.050000,32.480000,0.910000,0.040000,0.160000,1.730000,20.000000,16.690000,16.690000,0.000000,0.000000,0.670211,0.030000,0.100000,0.830000,0.040000,k20,llama3:8b,hybrid,20,100
0.777332,0.727473,0.741666,0.724431,0.830000,25.262132,531.260000,32.400000,0.930000,0.070000,0.150000,1.880000,9.850000,5.880000,5.730000,0.342205,0.090818,0.405333,0.150000,0.120000,0.660000,0.070000,k10_reranker,llama3:8b,hybrid,10,100
0.810666,0.737343,0.743000,0.701050,0.900000,4.269505,687.870000,32.680000,0.880000,0.040000,0.160000,1.850000,17.980000,9.650000,7.630000,0.341949,0.068058,0.387158,0.060000,0.120000,0.780000,0.040000,k20_reranker,llama3:8b,hybrid,20,100
